Id,BIRTHDATE,DEATHDATE,SSN,DRIVERS,PASSPORT,PREFIX,FIRST,MIDDLE,LAST,SUFFIX,MAIDEN,MARITAL,RACE,ETHNICITY,GENDER,BIRTHPLACE,ADDRESS,CITY,STATE,COUNTY,FIPS,ZIP,LAT,LON,HEALTHCARE_EXPENSES,HEALTHCARE_COVERAGE,INCOME
a810b3cd-a8fa-0288-5f7c-c6347674d155,2023-01-21,,999-28-3771,,,,Josh874,Hassan290,King743,,,,asian,nonhispanic,M,Wenham  Massachusetts  US,647 Harris Burg,Wellesley,Massachusetts,Norfolk County,25021,02457,42.29645344542202,-71.26513534776268,6370.95,0.00,251378
aa59ccda-f100-6d3a-9735-a9d61e1fbae1,2014-02-22,,999-47-3154,,,,Violette536,Hettie215,Jones311,,,,white,nonhispanic,F,Medford  Massachusetts  US,817 Boyer Dam,Chicopee,Massachusetts,Hampden County,25013,01020,42.17533487228934,-72.60301505562556,1546.96,37530.34,16586
6bb306f5-8ddf-6ce9-d504-5ec40385aee1,1973-01-04,,999-97-3347,S99947865,X69812505X,Mr.,Carlos172,,Kiehn525,,,D,asian,nonhispanic,M,Marion  Massachusetts  US,729 Bahringer Alley,Natick,Massachusetts,Middlesex County,,00000,42.24521506074874,-71.39460833006689,120292.92,20563.28,853865
a438167e-e1a2-079b-7707-3ba6b6bd5200,1957-02-16,,999-23-3986,S99912795,X17191035X,Mr.,Craig656,Hilton264,Hagenes547,,,M,white,nonhispanic,M,Boston  Massachusetts  US,541 Goodwin Dale,Hanson,Massachusetts,Plymouth County,25023,02341,42.00248308956431,-70.8190264127179,196576.56,69716.15,133330
e18295b7-25c7-25f3-45c9-6e473e3df7a6,2013-09-17,,999-94-4650,,,,Lauren941,Shawn523,Blick895,,,,white,nonhispanic,M,Boxford  Massachusetts  US,1028 Block Plaza,Leominster,Massachusetts,Worcester County,25027,01420,42.596735997224044,-71.78906558084641,12744.77,21291.07,60871
edab9d54-05b1-532a-22de-46c6f0333f31,2006-04-14,,999-65-9904,S99974509,,Ms.,Zora492,,Moore224,,,,white,nonhispanic,F,Springfield  Massachusetts  US,180 Zulauf Village Apt 44,Winchester,Massachusetts,Middlesex County,25017,01890,42.49006090355243,-71.1457738122711,67921.39,249828.87,26572
31f3680f-8d89-baa2-a032-b1eab4be10e6,1957-07-22,,999-98-6713,S99963881,X15988574X,Mr.,Filiberto722,,Hagenes547,,,M,white,nonhispanic,M,Boston  Massachusetts  US,537 Hyatt Branch Apt 0,Watertown,Massachusetts,Middlesex County,25017,02472,42.334045443649146,-71.19471511543478,172048.92,38293.32,57433
69f622a3-2947-438e-8f85-e60382acb433,1981-01-10,,999-69-3765,S99943619,X74763989X,Mrs.,Yuk263,Wendolyn786,Schamberger479,,Hintz995,M,asian,nonhispanic,F,Haverhill  Massachusetts  US,423 Bosco Walk Unit 6,Somerville,Massachusetts,Middlesex County,25017,02138,42.414790382243545,-71.14680215844281,185529.83,919942.97,844796
3e8f31e0-f428-8ee5-9353-4255285cea13,1955-09-13,2011-04-04,999-41-3257,S99979551,X68169222X,Mrs.,Joe656,Deedra511,McLaughlin530,,Feil794,D,white,nonhispanic,F,Sudbury  Massachusetts  US,332 Swaniawski Mall Apt 82,Newton,Massachusetts,Middlesex County,25017,02466,42.30882287439051,-71.18836238449713,230177.99,679422.44,665437
7cf370d9-33a8-30a9-b4db-c68cef15bc9b,1974-10-13,,999-61-9369,S99986986,X45906469X,Ms.,Faustina753,Mina319,Daniel959,,,S,white,nonhispanic,F,Waltham  Massachusetts  US,877 Hammes Rapid Unit 32,Foxborough,Massachusetts,Norfolk County,25021,02035,42.099507180631804,-71.20431379439991,56759.95,823243.43,124128
6687f4d3-cc45-7274-e5d3-c7f95c7fd83a,1947-04-15,,999-90-2143,S99917163,X86850286X,Mrs.,Louanne686,Daniella68,Orn563,,Davis923,M,white,nonhispanic,F,Athol  Massachusetts  US,667 Cummings Lodge,Boston,Massachusetts,Suffolk County,25025,02136,42.32949428233131,-71.10496554417834,1012084.82,375336.78,51974
3061fc4b-ce65-ce02-4931-b885be781456,1995-08-13,,999-18-7600,S99914865,X32351977X,Mr.,Amado512,Ashley34,Bins636,,,M,black,nonhispanic,M,Lowell  Massachusetts  US,672 Grady Ranch,Plymouth,Massachusetts,Plymouth County,25023,02360,41.911365325251225,-70.5783540821051,11040.89,227347.60,19588
d6bb338a-eebf-7838-25a8-ff2458b0fa8a,1955-09-13,1995-10-20,999-84-2250,S99954217,X82284537X,Mrs.,Evonne919,Cleopatra935,Murazik203,,Schmeler639,M,white,nonhispanic,F,Sandwich  Massachusetts  US,484 Erdman Meadow,Newton,Massachusetts,Middlesex County,25017,02466,42.304826540031875,-71.18862171030696,200394.63,624644.56,665437
cfa59468-f6e1-375e-62d2-3d9fc1bba009,2001-01-21,,999-41-6246,S99918121,X89480124X,Mr.,Alfonzo975,Hollis7,Monahan736,,,,black,nonhispanic,M,Boston  Massachusetts  US,935 Wilderman Trace Suite 30,Boston,Massachusetts,Suffolk County,25025,02127,42.37687519652517,-71.0719304475786,113496.01,0.00,105550
6c9fe6d0-5aff-392b-d374-763e21ae6d88,2006-06-29,,999-94-4973,S99993438,,Mr.,Jamar151,Kim439,Prosacco716,,,,white,nonhispanic,M,Fall River  Massachusetts  US,526 Stroman Boulevard Unit 46,North Adams,Massachusetts,Berkshire County,25003,01247,42.649556935743206,-73.10666477831256,86739.94,569379.80,145140
7d2b9d9b-a464-4e7b-e234-11380e907135,1972-08-28,,999-94-3152,S99978458,X64345961X,Mr.,Clifford177,Dwight645,Bins636,,,M,white,nonhispanic,M,North Reading  Massachusetts  US,583 Denesik Byway Apt 72,Fitchburg,Massachusetts,Worcester County,25027,01420,42.6320193086009,-71.81838300867723,109155.83,34499.64,27090
b0add224-4a8d-0db2-699a-eda2ce5c4054,1972-11-13,,999-29-7231,S99940267,X76219336X,Mr.,Jamal145,Bobby524,Nitzsche158,,,D,white,nonhispanic,M,Cambridge  Massachusetts  US,510 Fadel Spur Unit 85,Methuen,Massachusetts,Essex County,25009,01844,42.75604285664967,-71.15706081852495,17044.15,199599.24,10921
63d83360-afb0-d6fc-223e-5f222df5b3ec,1955-09-13,,999-13-4120,S99995240,X78615929X,Mrs.,Fidelia216,Mirian768,Veum823,,Bauch723,D,white,nonhispanic,F,Salem  Massachusetts  US,866 Kohler Overpass Unit 77,Newton,Massachusetts,Middlesex County,25017,02464,42.330471747072,-71.2130143249803,386343.41,1577105.72,665437
919bfda0-ba76-5c05-a3d0-06d32aa8f677,1989-07-04,,999-55-9129,S99917701,X54123345X,Mr.,Myron933,Nathanial472,Reilly981,,,D,white,hispanic,M,Westford  Massachusetts  US,1021 Macejkovic Annex Unit 89,Attleboro,Massachusetts,Bristol County,25005,02703,41.93341297800633,-71.32445552916322,92635.48,3055.30,42925
3f911809-d741-135c-1529-fc90f2ad13e2,1968-07-08,,999-28-2311,S99984495,X47600083X,Mrs.,Elisha578,,Bogisich202,,Pfeffer420,M,white,nonhispanic,F,Brockton  Massachusetts  US,408 Collins Neck,Chatham,Massachusetts,Barnstable County,25001,02633,41.64089042814029,-69.94406124934815,653799.45,383543.77,116777
1aaaec32-a6dc-5ce6-e051-b2b8652c3757,2019-09-17,,999-71-8087,,,,Sigrid676,Cori307,Ortiz186,,,,asian,hispanic,F,Fall River  Massachusetts  US,594 Kutch Overpass,Newton,Massachusetts,Middlesex County,25017,02472,42.374007344665216,-71.21289675105484,23048.00,2106.35,126940
c7675604-a7cc-a370-bfe1-a637f6913fe7,1949-07-13,,999-74-6416,S99959020,X74483614X,Mr.,Christian753,Judson999,Weimann465,,,M,white,nonhispanic,M,Hardwick  Massachusetts  US,702 Weber Ramp Suite 8,Worcester,Massachusetts,Worcester County,25027,01602,42.30924961235858,-71.8036760604171,308407.20,799316.79,198290
f9b2d806-fba5-5701-a0b5-8e5fddf183ef,1994-11-09,,999-20-5599,S99979822,X72220037X,Mrs.,Twanna669,Karissa612,Wiza601,,Fadel536,M,asian,nonhispanic,F,Chelsea  Massachusetts  US,392 Schmitt Crossing,Boston,Massachusetts,Suffolk County,25025,02125,42.31287097916548,-71.1017876402866,176025.39,446875.80,45230
93754e67-d889-c427-0093-fb2dbbebe4b1,1993-12-30,,999-40-1511,S99992673,X60329029X,Mrs.,Raeann749,,Hermann103,,Friesen796,M,black,nonhispanic,F,Wellfleet  Massachusetts  US,338 Feil Parade Unit 85,Boston,Massachusetts,Suffolk County,25025,02124,42.226702479575906,-71.13765180507401,15213.82,838099.84,3722
f6b145f5-c413-7db5-5cda-0bda2115ccb4,1999-02-19,,999-86-6481,S99964529,X27699283X,Mr.,Jarred626,Leif534,Boyer713,,,,asian,nonhispanic,M,Billerica  Massachusetts  US,425 Swift Station Apt 50,Ashland,Massachusetts,Middlesex County,,00000,42.29962484199442,-71.44205162515357,98492.93,73332.66,28080
7e376556-536d-0ffd-8653-a3e72f9f4268,1974-04-07,,999-21-2866,S99953111,X4901140X,Ms.,Analisa263,,Gislason620,,,S,white,nonhispanic,F,Amherst Center  Massachusetts  US,651 Satterfield Dale,Cambridge,Massachusetts,Middlesex County,25017,02139,42.33566628921246,-71.20334394306367,494418.99,388776.81,44691
942c9c19-fbf2-e1a1-f539-abc85dfb69ea,1995-08-20,2014-01-03,999-79-5008,S99923787,,Ms.,Ivy932,Miyoko154,Leffler128,,,,white,nonhispanic,F,Fitchburg  Massachusetts  US,831 Crist Vale Suite 73,Deerfield,Massachusetts,Franklin County,25011,01342,42.494389231183085,-72.59847621212073,7804.39,628142.77,18954
2ccd1aaa-bfc5-d663-4cec-e00ade71b3aa,1969-05-06,,999-65-7454,S99962618,X57692617X,Mrs.,Leisa54,,Pacocha935,,Mills423,D,white,nonhispanic,F,Princeton  Massachusetts  US,208 Marks Overpass,Hopkinton,Massachusetts,Middlesex County,25017,01748,42.19190598729355,-71.58900546377451,320522.05,730901.56,295801
fcbbca5e-f7ff-5daa-4d4b-1552ed8f70d5,1988-09-11,1991-05-27,999-61-5003,,,,Arlean815,Tangela812,Lueilwitz711,,,,white,nonhispanic,F,South Dennis  Massachusetts  US,146 Bogan Mews,West Bridgewater,Massachusetts,Plymouth County,,00000,42.02335988395892,-71.06448089419878,10717.23,18616.10,137771
fb080a45-40b5-9dfc-4274-7cafa9352f86,1995-08-20,,999-65-9963,S99951703,X55214788X,Mrs.,Tessie155,Catrina144,Stark857,,Hand679,M,white,nonhispanic,F,Amherst Center  Massachusetts  US,222 O'Conner Manor Apt 63,Deerfield,Massachusetts,Franklin County,25011,01342,42.58339420451514,-72.58132823073595,12820.50,1311598.16,18954
a2bbc96f-7f56-980a-d2f6-df88dd52ea0d,1988-09-11,,999-64-2325,S99940077,X4705511X,Mrs.,Monnie762,Shantel839,Jaskolski867,,Parker433,M,white,nonhispanic,F,Amherst Center  Massachusetts  US,468 Thiel Harbor,West Bridgewater,Massachusetts,Plymouth County,,00000,41.976624163732914,-71.04912467988991,252759.53,523850.14,137771
427354a5-b345-d502-70ff-4ee7741f4318,2022-01-07,,999-82-5832,,,,Alfonso758,Alejandro916,Núñez242,,,,black,hispanic,M,San Jose  San Jose  CR,574 Runte Flat Suite 37,East Longmeadow,Massachusetts,Hampden County,,00000,42.06340503136172,-72.5421209163876,7478.44,0.00,76293
17ce5711-142d-5943-199b-81a6998c2a4b,2004-10-18,,999-22-1173,S99955258,X20593613X,Mr.,Bruno518,Broderick767,Miller503,,,,white,nonhispanic,M,Holland  Massachusetts  US,179 Reichert View Unit 37,Somerville,Massachusetts,Middlesex County,25017,02155,42.37721718973263,-71.10815327104878,55812.18,4987.30,65025
8920a1cf-d600-95c2-c58e-6fed6af6b007,2024-10-13,,999-90-6610,,,,Fred155,Orville751,West559,,,,white,nonhispanic,M,Milford  Massachusetts  US,573 O'Keefe Lock,Saugus,Massachusetts,Essex County,25009,01906,42.48614658410586,-71.00341941777125,2943.47,0.00,112735
72bb4a29-b309-6d93-9632-fa8b549f0338,1984-05-15,,999-55-1105,S99916025,X18306504X,Mrs.,Laura391,Torrie697,Mayert710,,Kohler843,M,white,nonhispanic,F,Bedford  Massachusetts  US,720 Williamson Terrace,Needham,Massachusetts,Norfolk County,25021,02494,42.313318900024385,-71.21480211039253,219378.75,49312.34,106294
f58abadc-dad2-d870-c5c0-a1e74c752da0,2015-04-30,,999-15-2173,,,,Ashley34,Santos184,Nitzsche158,,,,white,nonhispanic,F,Chelsea  Massachusetts  US,155 McClure Skyway,Petersham,Massachusetts,Worcester County,25027,01366,42.4841506747062,-72.19958097144689,10515.29,3970.31,549639
b215eba8-2698-feac-bf10-4aa42e379a7d,1975-12-31,,999-50-1653,S99937672,X59252494X,Ms.,Lola232,Luz785,Bétancourt447,,,S,white,hispanic,F,Tegucigalpa  Francisco Morazán  HN,657 Wehner Mews Suite 94,East Longmeadow,Massachusetts,Hampden County,,00000,42.105051199950836,-72.53424689067539,193206.07,656056.37,28319
6ff6f76c-e25f-e5cd-615b-c1a1deb1a3fc,1957-06-20,,999-28-4428,S99921875,X51229880X,Mr.,Lynwood354,Kris249,Nikolaus26,,,D,white,nonhispanic,M,Boston  Massachusetts  US,209 D'Amore Station,Brookline,Massachusetts,Norfolk County,25025,02215,42.30928611094477,-71.07979203410964,241855.88,652125.59,141428
01f7eb8c-d4aa-d3b5-1cc4-6f3a8c3642c3,1956-04-26,,999-25-8856,S99974956,X62741882X,Ms.,Ayanna800,Lakesha141,Christiansen251,,,S,white,nonhispanic,F,Forestdale  Massachusetts  US,878 Parisian Arcade Suite 99,Bourne,Massachusetts,Barnstable County,25001,02532,41.762886611161086,-70.57287646112404,18536.68,1311972.72,10863
b7bd052f-87c0-103d-5ee3-a4a7b7434935,2005-09-26,,999-94-7584,S99954190,,Mr.,Mauro926,Malcolm243,Batz141,,,,white,nonhispanic,M,Boston  Massachusetts  US,761 Bashirian Spur,Sturbridge,Massachusetts,Worcester County,25027,01507,42.08866533141808,-72.09325169295994,77164.55,632404.29,103398
5dc466b3-1278-2ce4-1be0-0edd2a5f0438,2000-08-30,,999-39-1641,S99923498,X4516058X,Ms.,Rena430,Inga743,Skiles927,,,,white,nonhispanic,F,Natick  Massachusetts  US,887 Gottlieb Pathway Unit 30,Fall River,Massachusetts,Bristol County,25005,02790,41.71119426500183,-71.05320619774929,5437.58,333536.34,1196
c4dfa955-ac94-1558-40ef-9af3f2264e81,1986-02-19,,999-97-9966,S99965545,X78908954X,Mr.,Guadalupe206,,Lakin515,,,W,white,nonhispanic,M,Boston  Massachusetts  US,423 Thompson Ranch,Boston,Massachusetts,Suffolk County,25025,02111,42.25524688889422,-71.15773991256798,288753.14,134662.60,87126
17a72377-9d53-8727-0f4e-8feb62401f4f,1967-03-01,,999-58-9473,S99917571,X45728319X,Mr.,Errol226,Lowell343,Mante251,,,M,black,nonhispanic,M,Northbridge  Massachusetts  US,981 Nolan Row Suite 99,Boston,Massachusetts,Suffolk County,25025,02108,42.244227599210056,-71.17807704588478,200594.72,158198.95,41344
e69e1743-7b0d-f46a-51dc-2ee8c8e2d6d0,1932-06-06,2009-03-27,999-68-9266,S99924911,X62897980X,Mrs.,Cherish740,Loni302,Stokes453,,Bechtelar572,M,white,nonhispanic,F,Beverly  Massachusetts  US,932 Olson Plaza Unit 60,Milton,Massachusetts,Norfolk County,25021,02186,42.24146228658985,-71.05115105980973,343746.23,1306131.60,170979
742084a8-d714-f243-6ece-4986378c5e04,1964-07-31,,999-89-2858,S99973514,X7599081X,Mr.,Ignacio928,Desmond566,Romaguera67,,,W,white,nonhispanic,M,Brewster  Massachusetts  US,190 Hodkiewicz Quay,Needham,Massachusetts,Norfolk County,25021,02494,42.325075643393774,-71.19498613424672,60071.38,1145988.50,57348
a2dceff0-d82e-53fe-0593-0083ea788b03,1932-06-06,,999-79-6471,S99986475,X11938766X,Ms.,Augustina561,Maddie576,Boehm581,,,S,white,nonhispanic,F,Burlington  Massachusetts  US,639 Pfannerstill Crossing Unit 43,Milton,Massachusetts,Norfolk County,25021,02186,42.24073249870728,-71.08052926588796,312994.76,782963.33,170979
f631aaca-3e9a-4292-e98f-f5cfdcd47c5e,1982-12-08,,999-96-8514,S99978159,X29573904X,Mr.,Jules135,Ervin886,Beer512,,,S,white,nonhispanic,M,North Attleborough  Massachusetts  US,658 Braun Quay Unit 85,Cambridge,Massachusetts,Middlesex County,25017,02141,42.390520310409755,-71.06455936630323,19613.24,756448.79,2579
179a1602-0bd0-cfe5-2211-f170a67e6ee8,1948-02-08,2014-02-12,999-84-4070,S99930965,X62751192X,Mr.,Brant303,Warner493,Casper496,,,M,black,nonhispanic,M,West Springfield  Massachusetts  US,227 Bailey Trail,Westford,Massachusetts,Middlesex County,,00000,42.543638816893875,-71.48167068206416,178667.21,246841.23,161611
c51ece9a-71c2-ef14-7354-b6211d6884d6,1988-02-04,,999-85-6576,S99988875,X83244834X,Mrs.,Patience161,,Weissnat378,,Conn188,M,white,nonhispanic,F,Brockton  Massachusetts  US,507 Gerhold Path Suite 47,Nahant,Massachusetts,Essex County,25009,01908,42.45057956447058,-70.9259213478486,203438.07,561155.08,65949
a2524fea-3c28-be73-cd19-3dac851e9f79,2005-08-09,,999-58-3527,S99922192,,Mr.,Irwin931,Arthur650,Bauch723,,,,white,nonhispanic,M,Longmeadow  Massachusetts  US,522 Wilkinson Flat,Northborough,Massachusetts,Worcester County,25027,01532,42.29323514664265,-71.61504956281729,69240.01,6736.74,110426
1390eb5c-7991-1913-8e17-bbdfae2df07c,2023-03-17,,999-50-3120,,,,Theodore876,Noble66,Schinner682,,,,white,nonhispanic,M,Fall River  Massachusetts  US,779 Kiehn Skyway Suite 61,Boston,Massachusetts,Suffolk County,25025,02115,42.30411764117385,-71.14156455773093,200.00,6721.83,9672
80c793c9-e08d-b39e-dede-00c605c027b8,1948-02-08,,999-33-6276,S99969208,X46284443X,Mr.,Brain142,Florentino8,Hickle134,,,M,black,nonhispanic,M,Lexington  Massachusetts  US,599 Kutch Underpass,Westford,Massachusetts,Middlesex County,,00000,42.62398228867102,-71.40818333748669,198417.59,217145.17,161611
df49508f-e5d2-f8bd-1a5c-654d0df61653,1980-10-09,,999-64-1646,S99923376,X74326002X,Mr.,Alexis664,Tobias236,Vandervort697,,,M,white,nonhispanic,M,Fitchburg  Massachusetts  US,946 Funk Wall,Dracut,Massachusetts,Middlesex County,,00000,42.667996136352336,-71.26212304835323,99327.89,2249.56,142978
eeb2a741-a086-1430-0747-213b6cc1231c,2010-12-04,,999-49-8640,,,,Samuel331,Elmo857,Bruen238,,,,white,nonhispanic,M,Ashburnham  Massachusetts  US,742 Kuphal Ferry Unit 78,Natick,Massachusetts,Middlesex County,,00000,42.26423601843738,-71.36238870981542,45983.46,755.80,743580
d1da11d7-f469-721b-8ac4-f4c72a6476cf,1991-07-21,,999-36-7586,S99960438,X5381115X,Mr.,Roland928,Antwan357,Macejkovic424,,,M,white,nonhispanic,M,New Bedford  Massachusetts  US,591 Wolf Stravenue,Medford,Massachusetts,Middlesex County,25017,02155,42.42999027172092,-71.08107515546122,130118.92,104687.83,57754
f93e858c-7d2a-958a-52aa-1870c5b1cb41,1997-09-23,,999-69-1417,S99950793,X72315777X,Mr.,Riley817,Britt177,Okuneva707,,,,black,nonhispanic,M,Danvers  Massachusetts  US,651 Gulgowski Port,Ashland,Massachusetts,Middlesex County,,00000,42.224555647622594,-71.4985598444233,63611.99,32132.57,34092
af117420-4e33-aab7-5fce-1a12dc07b472,2013-10-15,,999-96-9976,,,,Michale231,Tom274,McKenzie376,,,,white,nonhispanic,M,Amherst Center  Massachusetts  US,642 Zieme Underpass,Holyoke,Massachusetts,Hampden County,25013,01040,42.20045309746095,-72.66645805073682,33522.01,6123.06,26832
cf38b2d8-4495-7a21-d63b-6cafda15f8b1,2021-12-03,,999-78-8608,,,,Gaston250,Eugene421,Rath779,,,,white,nonhispanic,M,Boston  Massachusetts  US,668 Yundt Ville,Gloucester,Massachusetts,Essex County,25009,01930,42.593870430813695,-70.70109416879406,12051.17,0.00,51599
5457d9cf-9340-9707-7272-88a923211b5d,1958-04-12,2013-02-28,999-77-5118,S99935412,X49212281X,Mrs.,Mariela993,Dawne25,Gleichner915,,O'Conner199,M,white,nonhispanic,F,Brookline  Massachusetts  US,545 Johnson Terrace Suite 96,Ocean Bluff-Brant Rock,Massachusetts,Plymouth County,,00000,42.089970951999135,-70.63708982739242,293121.22,1574573.18,484980
16a70f94-927d-33ff-bd20-49cb611a34d5,1978-08-19,,999-22-8004,S99949631,X57272333X,Mrs.,Shalon513,Vivien121,Hermiston71,,Baumbach677,M,white,nonhispanic,F,South Duxbury  Massachusetts  US,297 Cole Fort,Lynnfield,Massachusetts,Essex County,25009,01940,42.560078673815156,-71.06323058755564,223232.15,473690.89,163889
dc81d3aa-a500-70fd-f8ff-49cb88e0c48a,2005-08-22,,999-35-6412,S99958535,,Mr.,Edwardo860,,Feest103,,,,white,nonhispanic,M,Boston  Massachusetts  US,821 Parisian Bridge Suite 66,Chicopee,Massachusetts,Hampden County,25013,01022,42.16682054165384,-72.57506517560215,4813.62,611610.06,2786
80c63e86-24ec-261c-7444-ef6818819e48,2003-09-15,,999-83-5957,S99953007,X81941356X,Ms.,Palmira118,Ma484,Bechtelar572,,,,white,nonhispanic,F,Beverly  Massachusetts  US,343 Abbott Mews,Somerville,Massachusetts,Middlesex County,25017,02155,42.35944335736398,-71.12089082136625,58986.45,34184.96,61755
603d7bfd-d714-1a25-c536-7564faeb0b0e,1988-08-31,,999-79-6943,S99981074,X41284139X,Mr.,Vernon254,,Schowalter414,,,M,asian,nonhispanic,M,Brockton  Massachusetts  US,782 Walsh Port Unit 37,Lexington,Massachusetts,Middlesex County,25017,02421,42.48616446628923,-71.2299254843489,90535.42,3901.67,700442
eb939e99-b5bf-cd2a-f938-520d1556eb47,1950-10-13,2021-05-13,999-40-3126,S99981860,X44858042X,Mr.,Ezequiel972,Alva958,Hyatt152,,,M,white,nonhispanic,M,Woburn  Massachusetts  US,444 Turner Club,Lowell,Massachusetts,Middlesex County,25017,01850,42.601951262238536,-71.32911381127565,64929.07,1023930.25,10088
cb385f1b-7b21-3eac-9d87-a080e927388a,1958-04-12,,999-29-5176,S99934161,X31502138X,Mrs.,Dimple273,Eleonora961,Reynolds644,,Smith67,M,white,nonhispanic,F,Worcester  Massachusetts  US,939 Gaylord Lock Apt 54,Ocean Bluff-Brant Rock,Massachusetts,Plymouth County,,00000,42.14817274972864,-70.70210776015803,299652.69,1243468.03,484980
b4e57919-61f2-d298-ab88-a45bd3a9c794,1966-01-30,,999-30-1846,S99947869,X55568569X,Mrs.,Dovie983,Cleo27,Emard19,,Carroll471,M,white,nonhispanic,F,Lowell  Massachusetts  US,845 Glover Forge Apt 82,Natick,Massachusetts,Middlesex County,,00000,42.26673738495244,-71.3984587050382,375861.43,737150.64,129252
1a901603-341f-ca2e-8ca3-a366d3270d35,1943-04-17,,999-45-2954,S99939053,X86583609X,Ms.,Doris153,Miyoko154,Durgan499,,,S,white,nonhispanic,F,Mashpee  Massachusetts  US,799 Luettgen Knoll,Lexington,Massachusetts,Middlesex County,25017,02421,42.49051890189013,-71.23223395143428,20843.17,1336019.37,14801
9fca940a-0ca9-abcb-fa24-ce9667643aa4,1999-07-08,,999-74-5936,S99961310,X63996582X,Ms.,Danette111,Annice210,Moore224,,,,white,nonhispanic,F,Chelsea  Massachusetts  US,174 Schroeder Arcade,Leominster,Massachusetts,Worcester County,25027,01453,42.55259897501326,-71.80719358051914,95332.57,243046.20,164051
1dcc43ef-e128-3e87-e7a6-4ff633b91518,1961-11-20,,999-80-6504,S99932343,X55468706X,Mr.,Kory651,Cecil300,Rodriguez71,MD,,D,white,nonhispanic,M,Revere  Massachusetts  US,689 Robel Frontage road,Cambridge,Massachusetts,Middlesex County,25017,02138,42.34286438993802,-71.07750329474095,211922.62,41289.57,107553
4319fe78-2077-036f-9e90-c416e0c3534b,2021-09-23,,999-23-9456,,,,Andy346,Gayle448,Stoltenberg489,,,,asian,nonhispanic,M,Macau  Macao Special Administrative Region of the People's Republic of China  CN,833 Will Drive,Billerica,Massachusetts,Middlesex County,,00000,42.55118219917782,-71.28145721799346,12375.55,7421.40,78098
bce6e4d7-f715-6b1d-87dc-ec35ae38aea1,2008-10-04,,999-35-3062,S99948126,,,Sherise735,Katelyn962,Moore224,,,,white,nonhispanic,F,Malden  Massachusetts  US,277 Beer Crossing Unit 16,Worcester,Massachusetts,Worcester County,25027,01545,42.41559351795288,-71.80553089329374,3087.68,44030.91,22643
efcb4d87-5534-9e00-8bd5-2234e827c47f,2006-04-21,,999-95-7835,S99953857,,Mr.,Geoffrey157,Leon728,Blanda868,,,,white,nonhispanic,M,Braintree  Massachusetts  US,203 Walter View Suite 38,Worcester,Massachusetts,Worcester County,25027,01545,42.22586765916247,-71.7902439897146,35829.01,38227.43,183828
f8f8646d-b1c9-78c7-c6e6-49824f38a865,1974-10-31,,999-22-4568,S99959160,X61737671X,Mr.,Desmond566,,Murazik203,,,M,white,nonhispanic,M,Sudbury  Massachusetts  US,257 Kohler Terrace,Amherst,Massachusetts,Hampshire County,,00000,42.396138076105274,-72.48394341298011,10962.40,154957.92,1884
8a02d66e-5858-26ff-eb72-1541b5462b46,1974-09-03,,999-13-1465,S99970334,X46632564X,Mr.,Steven797,Gaston250,Dickens475,,,M,black,nonhispanic,M,Boston  Massachusetts  US,764 Schimmel Gardens,Boston,Massachusetts,Suffolk County,25025,02108,42.41026313866198,-70.99693129209352,226899.62,0.00,92348
c439d7fd-8593-b167-0f75-fbb351e85edc,2019-09-12,,999-60-8729,,,,Drew592,Evangelina20,Hickle134,,,,white,nonhispanic,F,Fall River  Massachusetts  US,389 Herman Trace,Boston,Massachusetts,Suffolk County,25025,02124,42.37558985792716,-71.14773479067338,945.02,18596.48,23327
4b915b69-1a0e-6d18-61d4-f0801d250e78,2002-03-15,,999-10-5982,S99979369,X21248680X,Mr.,Raphael767,,Lakin515,,,,white,hispanic,M,Plymouth  Massachusetts  US,413 Reynolds Burg,West Springfield,Massachusetts,Hampden County,25013,01089,42.09442290237952,-72.60128616209437,181766.26,10377.80,104633
1c8b456c-b7ee-bf44-b090-eff2d45362da,1999-11-01,,999-70-1801,S99941348,X76134314X,Ms.,Ricarda574,Norma469,Schuster709,,,,white,nonhispanic,F,Cambridge  Massachusetts  US,216 Hessel Lane Apt 5,Brookline,Massachusetts,Norfolk County,25017,02467,42.33556498750669,-71.12697385487405,97440.97,0.00,115360
467662d4-cdae-298a-f698-460f5b9b670e,1974-04-24,,999-95-5962,S99938538,X58856035X,Ms.,Rashida558,Phylis163,Rutherford999,,,S,white,nonhispanic,F,Ashfield  Massachusetts  US,713 Nienow Spur,Franklin,Massachusetts,Norfolk County,25021,02038,42.083095035207755,-71.36682487115633,246696.55,238901.73,147881
5ec4d24e-4a9b-8eda-a8ee-7ff9232dae2b,1983-02-19,,999-32-6034,S99945954,X86465153X,Mrs.,Rebeca548,Kia427,Jenkins714,,Fadel536,M,white,nonhispanic,F,Westwood  Massachusetts  US,484 Dicki Burg,Kingston,Massachusetts,Plymouth County,25023,02364,42.025486054537176,-70.72163795102887,310014.89,1361993.61,150544
6ce0bda7-716f-c904-cdc8-39076db16016,1950-10-13,,999-79-9048,S99941232,X9064058X,Mr.,Donnell534,Cole117,Dicki44,,,W,white,nonhispanic,M,Medford  Massachusetts  US,415 Stokes Gateway,Lowell,Massachusetts,Middlesex County,25017,01854,42.62079443877673,-71.35676681927461,39853.17,578878.22,10088
5d7e8aa5-a0bc-6987-afc4-7f86ec0637e5,1970-12-20,2021-03-09,999-21-3642,S99938761,X62177389X,Mr.,Mitchell808,Alfred550,Jacobson885,,,M,white,nonhispanic,M,Washington  Massachusetts  US,335 Muller Green,Everett,Massachusetts,Middlesex County,25017,02149,42.45043381483076,-71.09519302887966,105708.01,370887.43,32772
26d13c80-1a8b-805a-8a61-3146044284e8,1950-09-30,1991-08-26,999-90-7416,S99985605,X4521945X,Mr.,Vance413,Modesto621,Kovacek682,,,M,asian,nonhispanic,M,Boston  Massachusetts  US,722 Lindgren Key,Cambridge,Massachusetts,Middlesex County,25017,02141,42.36072472306939,-71.14373879128871,73371.70,0.00,57806
efa80277-5d20-303e-0774-62f1605c8577,1968-02-05,,999-94-9661,S99929102,X26295829X,Mr.,Jan231,Lynwood354,Douglas31,,,M,black,nonhispanic,M,Saugus  Massachusetts  US,586 Bechtelar Fort Suite 21,Bourne,Massachusetts,Barnstable County,25001,02532,41.762362400899505,-70.56104211772944,146245.31,93653.66,42544
efcc7a00-d8d4-b890-e126-bc51f1b88def,1964-08-11,,999-20-4143,S99979076,X23241549X,Mrs.,Delia459,Kathey482,Kirlin939,,Maggio310,M,white,nonhispanic,F,Braintree  Massachusetts  US,414 Rau Camp,Northborough,Massachusetts,Worcester County,25027,01532,42.342014962944106,-71.6872539981983,587659.86,418784.60,65247
81af686a-f699-9005-2539-0e96f43e50be,1970-12-20,,999-21-1797,S99934161,X10859117X,Mr.,Marlon619,,Bashirian201,,,D,white,nonhispanic,M,Marblehead  Massachusetts  US,868 Stracke Trafficway Unit 71,Everett,Massachusetts,Middlesex County,25017,02149,42.427780142509455,-71.08967077999233,166024.23,616102.35,32772
6830b192-656c-ee20-3ad4-cff1a5cd2eaf,1997-03-17,,999-95-8041,S99950877,X19353694X,Mr.,Daren950,Sandy901,Cassin499,,,M,white,nonhispanic,M,Barnstable  Massachusetts  US,722 Kub Terrace Suite 28,Somerville,Massachusetts,Middlesex County,25017,02140,42.40974694945625,-71.10035918146234,64282.60,711.43,132395
d7351809-bac8-3803-3637-419904804cd9,1950-09-30,,999-82-2307,S99946906,X39179171X,Mr.,Oren284,Donny470,Grimes165,,,S,asian,nonhispanic,M,Somerville  Massachusetts  US,531 Cormier Knoll Suite 92,Cambridge,Massachusetts,Middlesex County,25017,02472,42.33901595272398,-71.19062822724149,218523.07,86574.85,57806
5e62af1a-989b-6b9f-e84e-69a27c7abe30,1979-01-22,,999-32-6964,S99926581,X63593624X,Mrs.,Lauren941,,Heidenreich818,,Hills818,D,white,nonhispanic,F,West Springfield  Massachusetts  US,838 Roob Dam,Middleborough,Massachusetts,Plymouth County,,00000,41.83189556278942,-70.8822920918329,152025.45,194185.67,29298
7cb666fe-707e-749b-cdc2-d392936a511b,1984-11-13,,999-64-2678,S99950152,X36036380X,Mrs.,Ana972,,Iglesias873,,Lara964,M,white,hispanic,F,Bogota  Bogota  CO,1032 Keebler Boulevard Apt 24,North Andover,Massachusetts,Essex County,,00000,42.65342415148567,-71.11855985426448,238049.28,489235.21,40190
99ec0c0f-7b4e-9438-0179-96c4dd799f51,1985-11-17,,999-31-1603,S99971178,X16690508X,Mr.,Walker122,Dana512,Parker433,,,S,asian,nonhispanic,M,Shanghai  Shanghai Municipality  CN,967 Schiller Path,Harvard,Massachusetts,Worcester County,,00000,42.49857297023118,-71.5789939320414,69843.06,3138.77,171869
0e4d1714-2e69-0a2b-25ec-89206495a111,1988-01-25,,999-92-4258,S99963361,X37614572X,Mrs.,Amparo58,Arlette667,Bode78,,Jacobs452,M,white,nonhispanic,F,Sandwich  Massachusetts  US,394 Corkery Park,Beverly,Massachusetts,Essex County,25009,01915,42.61474969743273,-70.84141254149155,160072.56,301618.38,181827
d760d405-4a51-de33-441a-11c5def506d9,1969-10-13,2020-02-18,999-15-6708,S99971131,X57022168X,Mrs.,Adelaide981,,Hodkiewicz467,,Hammes673,W,white,nonhispanic,F,Belmont  Massachusetts  US,222 Rempel Overpass,Pittsfield,Massachusetts,Berkshire County,25003,01201,42.41097681795944,-73.24520268438623,140411.81,35645.42,66074
cbbff526-535b-685c-9ea4-b4a9e37181d1,1982-02-26,,999-31-6383,S99986215,X62057186X,Mr.,Manuel446,Samuel331,Jurado563,,,M,native,hispanic,M,Port-au-Prince  Haiti  HT,1065 Witting Gateway,Boston,Massachusetts,Suffolk County,25025,02199,42.2964327434826,-71.11844775422496,230045.03,599732.09,67410
9ee2f7e5-a951-e49d-3546-ce0ca38a3166,2001-05-01,,999-80-9450,S99949690,X73222867X,Ms.,Narcisa997,,O'Kon634,,,,white,nonhispanic,F,Falmouth  Massachusetts  US,396 Beahan Track Suite 89,Northampton,Massachusetts,Hampshire County,25015,01063,42.356316193691036,-72.68656122587781,74733.86,17862.65,52822
c433938f-0007-0b14-1a04-3dd93fa94ff6,1982-06-08,,999-42-4181,S99990614,X78888531X,Mr.,Weston546,Ruben688,Howe413,,,S,black,nonhispanic,M,Lowell  Massachusetts  US,933 Barton Grove,Lawrence,Massachusetts,Essex County,25009,01843,42.701750017822896,-71.12189258201555,457702.38,300611.96,111046
7a19eaea-4320-0255-0680-495f371879a1,1969-10-13,2004-09-10,999-97-5556,S99926386,X81114081X,Mrs.,Renae431,Sandie760,Wolf938,,Breitenberg711,M,white,nonhispanic,F,Randolph  Massachusetts  US,504 Hilpert Passage,Pittsfield,Massachusetts,Berkshire County,25003,01201,42.44826338145645,-73.23844222367896,619897.98,419619.35,66074
27e97e94-e11e-c532-19e8-114436a97c24,1965-09-19,,999-21-8431,S99974321,X14421864X,Ms.,Dannie881,Willia886,Lang846,,,S,white,nonhispanic,F,Ashland  Massachusetts  US,416 Lindgren Key,Waltham,Massachusetts,Middlesex County,25017,02453,42.392678109211076,-71.19722930435212,727043.17,398146.71,118634
d884fe5a-60df-cb62-7b5a-7ee442badad9,1983-12-25,,999-11-7630,S99943644,X85326084X,Mrs.,Viva686,Hang682,Larson43,,Feil794,M,white,nonhispanic,F,Boxborough  Massachusetts  US,432 Mann Avenue,Boston,Massachusetts,Suffolk County,25025,02119,42.32526233244939,-71.06815262327017,12088.35,684274.40,22162
046f8178-08e1-6ed0-3f05-b3bb9eda0f98,1969-10-13,,999-64-5164,S99965397,X46193810X,Mrs.,Leida589,Elwanda490,Walsh511,,Borer986,D,white,nonhispanic,F,North Lakeville  Massachusetts  US,552 Olson Ramp,Pittsfield,Massachusetts,Berkshire County,25003,01201,42.42592940530599,-73.23448359205169,412827.31,6799.40,66074
abf9e474-3eb3-96b0-5669-5d8b7953a43e,2011-04-20,,999-94-3465,,,,César846,,Zarate81,,,,white,hispanic,M,Bayamon  Puerto Rico  PR,261 Kutch Common Apt 54,Middleborough,Massachusetts,Plymouth County,,00000,41.85493418551936,-70.84302350328811,19929.70,6618.31,33549
fd2c0e10-be99-5237-424b-bbfca45ea993,1996-11-14,,999-12-7452,S99913476,X80460976X,Ms.,Marlena558,Reyna401,Sporer811,,,S,asian,nonhispanic,F,Tewksbury  Massachusetts  US,151 Christiansen Extension,Boston,Massachusetts,Suffolk County,25025,02132,42.279605080138154,-71.06994272535846,169991.29,338035.72,53886
34996e1b-0e7d-909c-d675-170312e59432,2022-11-01,,999-21-3946,,,,Bryon392,,Monahan736,,,,white,nonhispanic,M,Plymouth  Massachusetts  US,855 Bosco Loaf Unit 8,Peabody,Massachusetts,Essex County,25009,01940,42.49455018539388,-70.94279962558848,4275.75,4347.80,128045
bdef3c68-4163-7d0d-cb2d-d1796f6f2954,2017-05-17,,999-26-7833,,,,Chana895,,Nienow652,,,,white,nonhispanic,F,Revere  Massachusetts  US,1000 Willms Terrace Suite 89,Sandwich,Massachusetts,Barnstable County,25001,02563,41.744042300292506,-70.50275815904354,7076.41,1618.60,153106
d09d1151-60ba-ffa5-74fb-1fb5d49cd080,1955-01-26,,999-26-9441,S99980346,X72248670X,Mr.,Clement78,Alberto639,Greenholt190,,,W,white,nonhispanic,M,Boston  Massachusetts  US,425 Walter Walk Unit 75,Quincy,Massachusetts,Norfolk County,25021,02171,42.28091475738445,-71.0358991915008,177903.67,264373.46,91405
1613f3b5-0f41-9366-60f0-8039dc77e3b4,1957-01-19,2021-05-07,999-82-9783,S99982153,X10742283X,Mr.,Domingo513,Pablo44,Becker968,,,M,white,nonhispanic,M,Andover  Massachusetts  US,858 Haag Camp,Somerville,Massachusetts,Middlesex County,25017,02155,42.41526673409128,-71.12999194134125,145117.09,188249.92,43812
fac3c9c3-3301-fcd1-edb2-3bce8011d2f3,1965-07-24,,999-35-8048,S99924011,X71977729X,Mrs.,Spring819,Hildegarde627,Mitchell808,,Breitenberg711,M,white,nonhispanic,F,Reading  Massachusetts  US,687 Collins Lock Unit 38,Worcester,Massachusetts,Worcester County,25027,01610,42.30413379870512,-71.776253309546,1031070.04,170133.98,55445
c850db81-6d7e-0e35-ccc9-05683e552133,1976-02-17,,999-54-6769,S99914898,X36895640X,Mr.,Scottie437,,Walker122,,,M,white,nonhispanic,M,Woburn  Massachusetts  US,904 Yundt Ferry,Grafton,Massachusetts,Worcester County,,00000,42.25210533247216,-71.69876628193268,12279.18,717183.50,15688
a4db844d-a42d-28a8-69bc-17ae85b0cd45,1957-01-19,2008-01-22,999-36-3899,S99978224,X70490119X,Mr.,Derek111,,Muller251,,,M,white,nonhispanic,M,Leominster  Massachusetts  US,271 Berge Station,Somerville,Massachusetts,Middlesex County,25017,02145,42.37176445774653,-71.05645949558784,210417.61,24150.04,43812
fe0263e6-aedf-3e93-63be-a2cf7b409613,1953-09-26,,999-11-5258,S99924075,X81816867X,Mr.,Howard613,,Bednar518,,,W,white,nonhispanic,M,Lexington  Massachusetts  US,649 Sporer Ferry,Boston,Massachusetts,Suffolk County,25025,02135,42.3816462463848,-71.08747990535878,193293.05,75907.37,167409
68821d0f-ca20-6ece-8eae-8be538689159,1981-04-13,,999-95-5259,S99998998,X65449674X,Mrs.,Shavonne800,Ivette731,Pouros728,,Windler79,D,black,nonhispanic,F,Southwick  Massachusetts  US,625 Luettgen Highlands Unit 98,Boston,Massachusetts,Suffolk County,25025,02163,42.370939773357804,-71.13250601411313,217353.09,457451.83,185759
0846cd26-e18b-c7c9-3212-2e8fd621b462,1957-01-19,,999-17-7313,S99993847,X30692321X,Mr.,Claud279,Leroy603,West559,,,M,white,nonhispanic,M,Chicopee  Massachusetts  US,1069 Steuber Well Unit 74,Somerville,Massachusetts,Middlesex County,25017,02143,42.432167230418024,-71.05593589705268,208052.67,82044.15,43812
ecfbbf1e-f041-19ff-2011-de6854b9487e,1974-06-30,,999-25-5867,S99919037,X406543X,Mr.,Cordell41,Keith571,Tromp100,,,S,white,nonhispanic,M,Hanover  Massachusetts  US,397 Schuppe Mall,Barnstable,Massachusetts,Barnstable County,25001,02637,41.627526038241164,-70.4377135281633,119115.80,3337.02,104821
dfe139ac-8b16-7f76-3f14-96414d4e3cdd,1992-02-22,,999-64-9979,S99914515,X11644698X,Mrs.,Versie644,Mana631,Okuneva707,,Schoen8,M,asian,nonhispanic,F,Shanghai  Shanghai Municipality  CN,388 Waelchi Fork Suite 40,Weymouth,Massachusetts,Norfolk County,25021,02190,42.17431723369352,-70.9717726068628,679057.78,201092.22,54971
7ddac323-ee28-727c-8be3-98ee916a743c,1948-12-01,2006-07-06,999-36-3356,S99985969,X84598007X,Mr.,Franklyn361,,Douglas31,,,M,white,nonhispanic,M,Franklin  Massachusetts  US,1026 Keebler Wall Unit 3,Yarmouth Port,Massachusetts,Barnstable County,25001,02675,41.73911074399159,-70.24373637865664,231058.49,666679.46,32397
005e9f1b-9aa9-10b0-e78b-67d2ab1e0ad9,1948-12-01,,999-39-7740,S99999433,X37261349X,Mr.,Mary779,Dorsey40,Hintz995,,,M,white,nonhispanic,M,Westford  Massachusetts  US,645 Zemlak Ramp Suite 61,Yarmouth Port,Massachusetts,Barnstable County,25001,02675,41.698054380599935,-70.23607812501764,107075.94,730727.18,32397
